id;party_name;main_contact;hash_address;title;contact_number;email;telephone;status;phone_number;date_added;date_modified
1;connecting Customizable Auto;Jewelery;Table;Forint best-of-breed green;83320;Damian38@hotmail.com;519.458.9467 x64338;Knolls;72718;2022-07-17;2022-07-18
2;Shirt;Sleek PNG JSON;open-source;portals 1080p;26766;Otho37@yahoo.com;1-302-436-2309;Specialist Towels;53009;2022-07-18;2022-07-17
3;feed;human-resource Arabia mobile;Vietnam PNG Checking;Extended Loan digital;61987;Humberto_Waters5@hotmail.com;868-429-9323;Sum;3870;2022-07-18;2022-07-18
4;Human;Cook;asymmetric ivory;payment;38372;Enid_Lueilwitz@gmail.com;720.972.5723 x8924;engine;2011;2022-07-18;2022-07-17
5;Bedfordshire;Future bypass Versatile;Manager Rustic Public-key;Ergonomic;40827;Dolores_Oberbrunner31@yahoo.com;(543) 992-6260 x150;Electronics;19322;2022-07-18;2022-07-18
6;mobile;Handmade magenta;Groves;Honduras connecting Cheese;91096;Horace.Connelly@yahoo.com;1-536-385-2366 x30847;Soft global;61983;2022-07-18;2022-07-17
7;Lek Officer;Dynamic;Tasty SMTP Future;Louisiana mobile;40570;Unique14@hotmail.com;1-486-598-6967 x83453;e-commerce Soft Paradigm;23757;2022-07-18;2022-07-18
8;Polarised Philippines generating;Malagasy;open;Emirates;16352;Athena.Cruickshank@hotmail.com;(964) 365-7047;Tasty interface extend;18160;2022-07-18;2022-07-18
9;Officer metrics;Rustic;Cambridgeshire Infrastructure;Lilangeni ROI;76293;Erwin_Schoen@hotmail.com;216-841-9791 x5767;Handcrafted Compatible Beauty;97150;2022-07-18;2022-07-18
10;solid payment portals;Berkshire;Virginia Steel Health;Steel Paradigm West;36506;Khalil_Lakin@gmail.com;(492) 268-0440 x00540;Refined Nakfa;57760;2022-07-17;2022-07-18
